{"cameraMode":{"drawMode":0,"name":"Shaded","section":"Shading Mode"},"sceneLighting":true,"audioPlay":false,"sceneViewState":{"showFog":true,"showMaterialUpdate":false,"showSkybox":true,"showFlares":true,"showImageEffects":true,"showParticleSystems":true},"in2DMode":false,"pivot":{"x":9.470000267028809,"y":1.4940354824066163,"z":-0.5200000405311585},"rotation":{"x":-0.23508672416210175,"y":-0.0037935522850602867,"z":0.0009174547740258277,"w":-0.9719666242599487},"size":10.165364265441895,"orthographic":false}