{"cameraMode":{"drawMode":0,"name":"Shaded","section":"Shading Mode"},"sceneLighting":true,"audioPlay":false,"sceneViewState":{"showFog":true,"showMaterialUpdate":false,"showSkybox":true,"showFlares":true,"showImageEffects":true,"showParticleSystems":true},"in2DMode":false,"pivot":{"x":12.130000114440918,"y":4.014999866485596,"z":0.0},"rotation":{"x":0.007606448605656624,"y":0.9640856981277466,"z":-0.26402828097343447,"w":0.0277742650359869},"size":40.588653564453128,"orthographic":false}