{"cameraMode":{"drawMode":0,"name":"Shaded","section":"Shading Mode"},"sceneLighting":true,"audioPlay":false,"sceneViewState":{"showFog":true,"showMaterialUpdate":false,"showSkybox":true,"showFlares":true,"showImageEffects":true,"showParticleSystems":true},"in2DMode":false,"pivot":{"x":12.130000114440918,"y":4.014999866485596,"z":0.0},"rotation":{"x":-0.024664733558893205,"y":0.7959057688713074,"z":-0.03249860182404518,"w":-0.6040457487106323},"size":10.543603897094727,"orthographic":false}