{"cameraMode":{"drawMode":0,"name":"Shaded","section":"Shading Mode"},"sceneLighting":true,"audioPlay":false,"sceneViewState":{"showFog":true,"showMaterialUpdate":false,"showSkybox":true,"showFlares":true,"showImageEffects":true,"showParticleSystems":true},"in2DMode":false,"pivot":{"x":-3.565000057220459,"y":3.0350000858306886,"z":-3.859999895095825},"rotation":{"x":-0.00920139066874981,"y":0.1515069156885147,"z":-0.0014121715212240816,"w":-0.9884241223335266},"size":18.180057525634767,"orthographic":false}